{"cameraMode":{"drawMode":0,"name":"Shaded","section":"Shading Mode"},"sceneLighting":true,"audioPlay":false,"sceneViewState":{"showFog":true,"showMaterialUpdate":false,"showSkybox":true,"showFlares":true,"showImageEffects":true,"showParticleSystems":true},"in2DMode":false,"pivot":{"x":5.633330345153809,"y":-6.819583892822266,"z":4.072572231292725},"rotation":{"x":0.13636788725852967,"y":0.3836737871170044,"z":-0.057398393750190738,"w":0.9115422368049622},"size":12.141792297363282,"orthographic":false}