{"cameraMode":{"drawMode":0,"name":"Shaded","section":"Shading Mode"},"sceneLighting":false,"audioPlay":false,"sceneViewState":{"showFog":true,"showMaterialUpdate":false,"showSkybox":false,"showFlares":true,"showImageEffects":true,"showParticleSystems":true},"in2DMode":false,"pivot":{"x":351.9308776855469,"y":304.91351318359377,"z":0.600372314453125},"rotation":{"x":-0.002657616976648569,"y":-0.16246911883354188,"z":-0.0004123377148061991,"w":0.9867294430732727},"size":213.96902465820313,"orthographic":false}