{"cameraMode":{"drawMode":0,"name":"Shaded","section":"Shading Mode"},"sceneLighting":true,"audioPlay":false,"sceneViewState":{"showFog":true,"showMaterialUpdate":false,"showSkybox":true,"showFlares":true,"showImageEffects":true,"showParticleSystems":true},"in2DMode":false,"pivot":{"x":-7.20681095123291,"y":-18.9676570892334,"z":38.70893478393555},"rotation":{"x":-0.19956877827644349,"y":0.06080594286322594,"z":-0.012407150119543076,"w":-0.9779238104820252},"size":32.80598831176758,"orthographic":false}